{
  "accuracy": 0.4,
  "precision": 0.57106432748538,
  "recall": 0.64,
  "f1": 0.5666937494929382,
  "per_level_metrics": {
    "level_1": {
      "accuracy": 0.88,
      "precision": 0.9,
      "recall": 0.88,
      "f1": 0.8748663101604278
    },
    "level_2": {
      "accuracy": 0.64,
      "precision": 0.6105263157894737,
      "recall": 0.64,
      "f1": 0.5679255610290093
    },
    "level_3": {
      "accuracy": 0.4,
      "precision": 0.20266666666666666,
      "recall": 0.4,
      "f1": 0.2572893772893773
    }
  }
}